<?xml version="1.0"?>
<doc>
    <assembly>
        <name>StackCombo</name>
    </assembly>
    <members>
        <member name="T:StackCombo.Attributes.BlueInactiveAttribute">
            <summary> Attribute documenting which skill the feature uses the user does not have active currently. </summary>
        </member>
        <member name="M:StackCombo.Attributes.BlueInactiveAttribute.#ctor(System.UInt32[])">
            <summary> List of each action the feature uses the user does not have active. Initializes a new instance of the <see cref="T:StackCombo.Attributes.BlueInactiveAttribute"/> class. </summary>
            <param name="actionIDs"> List of actions the preset replaces. </param>
        </member>
        <member name="T:StackCombo.Attributes.BozjaAttribute">
            <summary> Attribute designating Bozja combos. </summary>
        </member>
        <member name="T:StackCombo.Attributes.BozjaParentAttribute">
            <summary> Attribute documenting required combo relationships. </summary>
        </member>
        <member name="M:StackCombo.Attributes.BozjaParentAttribute.#ctor(StackCombo.Combos.CustomComboPreset[])">
            <summary> Initializes a new instance of the <see cref="T:StackCombo.Attributes.BozjaParentAttribute"/> class. </summary>
            <param name="parentPresets"> Presets that require the given combo to be enabled. </param>
        </member>
        <member name="P:StackCombo.Attributes.BozjaParentAttribute.ParentPresets">
            <summary> Gets the display name. </summary>
        </member>
        <member name="T:StackCombo.Attributes.ConflictingCombosAttribute">
            <summary> Attribute documenting conflicting presets for each combo. </summary>
        </member>
        <member name="M:StackCombo.Attributes.ConflictingCombosAttribute.#ctor(StackCombo.Combos.CustomComboPreset[])">
            <summary> Initializes a new instance of the <see cref="T:StackCombo.Attributes.ConflictingCombosAttribute"/> class. </summary>
            <param name="conflictingPresets"> Presets that conflict with the given combo. </param>
        </member>
        <member name="P:StackCombo.Attributes.ConflictingCombosAttribute.ConflictingPresets">
            <summary> Gets the display name. </summary>
        </member>
        <member name="T:StackCombo.Attributes.CustomComboInfoAttribute">
            <summary> Attribute documenting additional information for each combo. </summary>
        </member>
        <member name="M:StackCombo.Attributes.CustomComboInfoAttribute.#ctor(System.String,System.String,System.Byte,System.Int32,System.String,System.String)">
            <summary> Initializes a new instance of the <see cref="T:StackCombo.Attributes.CustomComboInfoAttribute"/> class. </summary>
            <param name="fancyName"> Display name. </param>
            <param name="description"> Combo description. </param>
            <param name="jobID"> Associated job ID. </param>
            <param name="order"> Display order. </param>
            <param name="memeName"> Display meme name </param>
            <param name="memeDescription"> Meme description. </param>
        </member>
        <member name="P:StackCombo.Attributes.CustomComboInfoAttribute.FancyName">
            <summary> Gets the display name. </summary>
        </member>
        <member name="P:StackCombo.Attributes.CustomComboInfoAttribute.MemeName">
            <summary> Gets the meme name. </summary>
        </member>
        <member name="P:StackCombo.Attributes.CustomComboInfoAttribute.Description">
            <summary> Gets the description. </summary>
        </member>
        <member name="P:StackCombo.Attributes.CustomComboInfoAttribute.MemeDescription">
            <summary> Gets the meme description. </summary>
        </member>
        <member name="P:StackCombo.Attributes.CustomComboInfoAttribute.JobID">
            <summary> Gets the job ID. </summary>
        </member>
        <member name="P:StackCombo.Attributes.CustomComboInfoAttribute.Role">
            <summary> Gets the job role. </summary>
        </member>
        <member name="P:StackCombo.Attributes.CustomComboInfoAttribute.Order">
            <summary> Gets the display order. </summary>
        </member>
        <member name="P:StackCombo.Attributes.CustomComboInfoAttribute.JobName">
            <summary> Gets the job name. </summary>
        </member>
        <member name="P:StackCombo.Attributes.CustomComboInfoAttribute.MemeJobName">
            <summary> Gets the meme job name. </summary>
        </member>
        <member name="T:StackCombo.Attributes.EurekaAttribute">
            <summary> Attribute designating Eureka combos. </summary>
        </member>
        <member name="T:StackCombo.Attributes.EurekaParentAttribute">
            <summary> Attribute documenting required combo relationships. </summary>
        </member>
        <member name="M:StackCombo.Attributes.EurekaParentAttribute.#ctor(StackCombo.Combos.CustomComboPreset[])">
            <summary> Initializes a new instance of the <see cref="T:StackCombo.Attributes.EurekaParentAttribute"/> class. </summary>
            <param name="parentPresets"> Presets that require the given combo to be enabled. </param>
        </member>
        <member name="P:StackCombo.Attributes.EurekaParentAttribute.ParentPresets">
            <summary> Gets the display name. </summary>
        </member>
        <member name="T:StackCombo.Attributes.ParentComboAttribute">
            <summary> Attribute documenting required combo relationships. </summary>
        </member>
        <member name="M:StackCombo.Attributes.ParentComboAttribute.#ctor(StackCombo.Combos.CustomComboPreset)">
            <summary> Initializes a new instance of the <see cref="T:StackCombo.Attributes.ParentComboAttribute"/> class. </summary>
            <param name="parentPreset"> Presets that conflict with the given combo. </param>
        </member>
        <member name="P:StackCombo.Attributes.ParentComboAttribute.ParentPreset">
            <summary> Gets the display name. </summary>
        </member>
        <member name="T:StackCombo.Attributes.PvPCustomComboAttribute">
            <summary> Attribute designating secret combos. </summary>
        </member>
        <member name="T:StackCombo.Attributes.ReplaceSkillAttribute">
            <summary> Attribute documenting which skill each preset replace. </summary>
        </member>
        <member name="M:StackCombo.Attributes.ReplaceSkillAttribute.#ctor(System.UInt32[])">
            <summary> List of each action the feature replaces. Initializes a new instance of the <see cref="T:StackCombo.Attributes.ReplaceSkillAttribute"/> class. </summary>
            <param name="actionIDs"> List of actions the preset replaces. </param>
        </member>
        <member name="T:StackCombo.Attributes.VariantAttribute">
            <summary> Attribute designating variant combos. </summary>
        </member>
        <member name="T:StackCombo.Attributes.VariantParentAttribute">
            <summary> Attribute documenting required combo relationships. </summary>
        </member>
        <member name="M:StackCombo.Attributes.VariantParentAttribute.#ctor(StackCombo.Combos.CustomComboPreset[])">
            <summary> Initializes a new instance of the <see cref="T:StackCombo.Attributes.VariantParentAttribute"/> class. </summary>
            <param name="parentPresets"> Presets that require the given combo to be enabled. </param>
        </member>
        <member name="P:StackCombo.Attributes.VariantParentAttribute.ParentPresets">
            <summary> Gets the display name. </summary>
        </member>
        <member name="M:StackCombo.Combos.JobHelpers.NIN.MudraCasting.CanCast">
            <summary> Checks if the player is in a state to be able to cast a ninjitsu.</summary>
        </member>
        <member name="M:StackCombo.Combos.JobHelpers.NIN.MudraCasting.CastFumaShuriken(System.UInt32@)">
            <summary> Simple method of casting Fuma Shuriken.</summary>
             <param name="actionID">The actionID from the combo.</param>
             <returns>True if in a state to cast or continue the ninjitsu, modifies actionID to the step of the ninjitsu.</returns>
        </member>
        <member name="M:StackCombo.Combos.JobHelpers.NIN.MudraCasting.CastRaiton(System.UInt32@)">
            <summary> Simple method of casting Raiton.</summary>
             <param name="actionID">The actionID from the combo.</param>
             <returns>True if in a state to cast or continue the ninjitsu, modifies actionID to the step of the ninjitsu.</returns>
        </member>
        <member name="M:StackCombo.Combos.JobHelpers.NIN.MudraCasting.CastKaton(System.UInt32@)">
            <summary> Simple method of casting Katon.</summary>
             <param name="actionID">The actionID from the combo.</param>
             <returns>True if in a state to cast or continue the ninjitsu, modifies actionID to the step of the ninjitsu.</returns>
        </member>
        <member name="M:StackCombo.Combos.JobHelpers.NIN.MudraCasting.CastHyoton(System.UInt32@)">
            <summary> Simple method of casting Hyoton.</summary>
             <param name="actionID">The actionID from the combo.</param>
             <returns>True if in a state to cast or continue the ninjitsu, modifies actionID to the step of the ninjitsu.</returns>
        </member>
        <member name="M:StackCombo.Combos.JobHelpers.NIN.MudraCasting.CastHuton(System.UInt32@)">
            <summary> Simple method of casting Huton.</summary>
             <param name="actionID">The actionID from the combo.</param>
             <returns>True if in a state to cast or continue the ninjitsu, modifies actionID to the step of the ninjitsu.</returns>
        </member>
        <member name="M:StackCombo.Combos.JobHelpers.NIN.MudraCasting.CastDoton(System.UInt32@)">
            <summary> Simple method of casting Doton.</summary>
             <param name="actionID">The actionID from the combo.</param>
             <returns>True if in a state to cast or continue the ninjitsu, modifies actionID to the step of the ninjitsu.</returns>
        </member>
        <member name="M:StackCombo.Combos.JobHelpers.NIN.MudraCasting.CastSuiton(System.UInt32@)">
            <summary> Simple method of casting Suiton.</summary>
             <param name="actionID">The actionID from the combo.</param>
             <returns>True if in a state to cast or continue the ninjitsu, modifies actionID to the step of the ninjitsu.</returns>
        </member>
        <member name="M:StackCombo.Combos.JobHelpers.NIN.MudraCasting.CastGokaMekkyaku(System.UInt32@)">
            <summary> Simple method of casting Goka Mekkyaku.</summary>
             <param name="actionID">The actionID from the combo.</param>
             <returns>True if in a state to cast or continue the ninjitsu, modifies actionID to the step of the ninjitsu.</returns>
        </member>
        <member name="M:StackCombo.Combos.JobHelpers.NIN.MudraCasting.CastHyoshoRanryu(System.UInt32@)">
            <summary> Simple method of casting Hyosho Ranryu.</summary>
             <param name="actionID">The actionID from the combo.</param>
             <returns>True if in a state to cast or continue the ninjitsu, modifies actionID to the step of the ninjitsu.</returns>
        </member>
        <member name="M:StackCombo.ComboHelper.Functions.CustomComboFunctions.GetCooldown(System.UInt32)">
            <summary> Gets the cooldown data for an action. </summary>
            <param name="actionID"> Action ID to check. </param>
            <returns> Cooldown data. </returns>
        </member>
        <member name="M:StackCombo.ComboHelper.Functions.CustomComboFunctions.GetCooldownRemainingTime(System.UInt32)">
            <summary> Gets the cooldown total remaining time. </summary>
            <param name="actionID"> Action ID to check. </param>
            <returns> Total remaining time of the cooldown. </returns>
        </member>
        <member name="M:StackCombo.ComboHelper.Functions.CustomComboFunctions.GetCooldownChargeRemainingTime(System.UInt32)">
            <summary> Gets the cooldown remaining time for the next charge. </summary>
            <param name="actionID"> Action ID to check. </param>
            <returns> Remaining time for the next charge of the cooldown. </returns>
        </member>
        <member name="M:StackCombo.ComboHelper.Functions.CustomComboFunctions.GetCooldownElapsed(System.UInt32)">
            <summary> Gets the elapsed cooldown time.</summary>
            <param name="actionID">Action ID to check</param>
            <returns> Time passed since action went on cooldown.</returns>
        </member>
        <member name="M:StackCombo.ComboHelper.Functions.CustomComboFunctions.IsOnCooldown(System.UInt32)">
            <summary> Gets a value indicating whether an action is on cooldown. </summary>
            <param name="actionID"> Action ID to check. </param>
            <returns> True or false. </returns>
        </member>
        <member name="M:StackCombo.ComboHelper.Functions.CustomComboFunctions.IsOffCooldown(System.UInt32)">
            <summary> Gets a value indicating whether an action is off cooldown. </summary>
            <param name="actionID"> Action ID to check. </param>
            <returns> True or false. </returns>
        </member>
        <member name="M:StackCombo.ComboHelper.Functions.CustomComboFunctions.JustUsed(System.UInt32,System.Single)">
            <summary> Check if the Cooldown was just used. </summary>
            <param name="actionID"> Action ID to check. </param>
            <param name="variance"> Variance of how long to check the elapsed cooldown</param>
            <returns> True or false. </returns>
        </member>
        <member name="M:StackCombo.ComboHelper.Functions.CustomComboFunctions.HasCharges(System.UInt32)">
            <summary> Gets a value indicating whether an action has any available charges. </summary>
            <param name="actionID"> Action ID to check. </param>
            <returns> True or false. </returns>
        </member>
        <member name="M:StackCombo.ComboHelper.Functions.CustomComboFunctions.GetRemainingCharges(System.UInt32)">
            <summary> Get the current number of charges remaining for an action. </summary>
            <param name="actionID"> Action ID to check. </param>
            <returns> Number of charges. </returns>
        </member>
        <member name="M:StackCombo.ComboHelper.Functions.CustomComboFunctions.GetMaxCharges(System.UInt32)">
            <summary> Get the maximum number of charges for an action. </summary>
            <param name="actionID"> Action ID to check. </param>
            <returns> Number of charges. </returns>
        </member>
        <member name="M:StackCombo.ComboHelper.Functions.CustomComboFunctions.IsEnabled(System.UInt32)">
            <summary> Get if an action is enabled.</summary>
            <param name="actionID"> Action ID to check</param>
            <returns> If the action is currently enabled.</returns>
        </member>
        <member name="M:StackCombo.ComboHelper.Functions.CustomComboFunctions.IsEnabled(StackCombo.Combos.CustomComboPreset)">
            <summary> Determine if the given preset is enabled. </summary>
            <param name="preset"> Preset to check. </param>
            <returns> A value indicating whether the preset is enabled. </returns>
        </member>
        <member name="M:StackCombo.ComboHelper.Functions.CustomComboFunctions.IsNotEnabled(StackCombo.Combos.CustomComboPreset)">
            <summary> Determine if the given preset is not enabled. </summary>
            <param name="preset"> Preset to check. </param>
            <returns> A value indicating whether the preset is not enabled. </returns>
        </member>
        <member name="P:StackCombo.ComboHelper.Functions.CustomComboFunctions.IsMoving">
            <summary> Checks player movement </summary>
        </member>
        <member name="M:StackCombo.ComboHelper.Functions.CustomComboFunctions.IsInParty">
            <summary> Checks if player is in a party </summary>
        </member>
        <member name="M:StackCombo.ComboHelper.Functions.CustomComboFunctions.GetPartyMembers">
            <summary> Gets the party list </summary>
            <returns> Current party list. </returns>
        </member>
        <member name="P:StackCombo.ComboHelper.Functions.CustomComboFunctions.LocalPlayer">
            <summary> Gets the player or null. </summary>
        </member>
        <member name="M:StackCombo.ComboHelper.Functions.CustomComboFunctions.HasCondition(Dalamud.Game.ClientState.Conditions.ConditionFlag)">
            <summary> Find if the player has a certain condition. </summary>
            <param name="flag"> Condition flag. </param>
            <returns> A value indicating whether the player is in the condition. </returns>
        </member>
        <member name="M:StackCombo.ComboHelper.Functions.CustomComboFunctions.InCombat">
            <summary> Find if the player is in combat. </summary>
            <returns> A value indicating whether the player is in combat. </returns>
        </member>
        <member name="M:StackCombo.ComboHelper.Functions.CustomComboFunctions.HasPetPresent">
            <summary> Find if the player has a pet present. </summary>
            <returns> A value indicating whether the player has a pet (fairy/carbuncle) present. </returns>
        </member>
        <member name="M:StackCombo.ComboHelper.Functions.CustomComboFunctions.HasCompanionPresent">
            <summary> Find if the player has a companion (chocobo) present. </summary>
            <returns> A value indicating whether the player has a companion (chocobo). </returns>
        </member>
        <member name="M:StackCombo.ComboHelper.Functions.CustomComboFunctions.InPvP">
            <summary> Checks if the player is in a PVP enabled zone. </summary>
            <returns> A value indicating whether the player is in a PVP enabled zone. </returns>
        </member>
        <member name="M:StackCombo.ComboHelper.Functions.CustomComboFunctions.IsActionUnlocked(System.UInt32)">
            <summary> Checks if the player has completed the required job quest for the ability. </summary>
            <returns> A value indicating a quest has been completed for a job action.</returns>
        </member>
        <member name="M:StackCombo.ComboHelper.Functions.CustomComboFunctions.GetResourceCost(System.UInt32)">
            <summary> Gets the Resource Cost of the action. </summary>
            <param name="actionID"> Action ID to check. </param>
            <returns></returns>
        </member>
        <member name="M:StackCombo.ComboHelper.Functions.CustomComboFunctions.IsResourceTypeNormal(System.UInt32)">
            <summary> Gets the Resource Type of the action. </summary>
            <param name="actionID"> Action ID to check. </param>
            <returns></returns>
        </member>
        <member name="M:StackCombo.ComboHelper.Functions.CustomComboFunctions.GetJobGauge``1">
            <summary> Get a job gauge. </summary>
            <typeparam name="T"> Type of job gauge.</typeparam>
            <returns> The job gauge. </returns>
        </member>
        <member name="M:StackCombo.ComboHelper.Functions.CustomComboFunctions.HasEffect(System.UInt16)">
            <summary> Find if an effect on the player exists. The effect may be owned by the player or unowned. </summary>
            <param name="effectID"> Status effect ID. </param>
            <returns> A value indicating if the effect exists. </returns>
        </member>
        <member name="M:StackCombo.ComboHelper.Functions.CustomComboFunctions.FindEffect(System.UInt16)">
            <summary> Finds an effect on the player. The effect must be owned by the player or unowned. </summary>
            <param name="effectID"> Status effect ID. </param>
            <returns> Status object or null. </returns>
        </member>
        <member name="M:StackCombo.ComboHelper.Functions.CustomComboFunctions.TargetHasEffect(System.UInt16)">
            <summary> Find if an effect on the target exists. The effect must be owned by the player or unowned. </summary>
            <param name="effectID"> Status effect ID. </param>
            <returns> A value indicating if the effect exists. </returns>
        </member>
        <member name="M:StackCombo.ComboHelper.Functions.CustomComboFunctions.FindTargetEffect(System.UInt16)">
            <summary> Finds an effect on the current target. The effect must be owned by the player or unowned. </summary>
            <param name="effectID"> Status effect ID. </param>
            <returns> Status object or null. </returns>
        </member>
        <member name="M:StackCombo.ComboHelper.Functions.CustomComboFunctions.GetDebuffRemainingTime(System.UInt16)">
            <summary></summary>
        </member>
        <member name="M:StackCombo.ComboHelper.Functions.CustomComboFunctions.HasEffectAny(System.UInt16)">
            <summary> Find if an effect on the player exists. The effect may be owned by anyone or unowned. </summary>
            <param name="effectID"> Status effect ID. </param>
            <returns> A value indicating if the effect exists. </returns>
        </member>
        <member name="M:StackCombo.ComboHelper.Functions.CustomComboFunctions.FindEffectAny(System.UInt16)">
            <summary> Finds an effect on the player. The effect may be owned by anyone or unowned. </summary>
            <param name="effectID"> Status effect ID. </param>
            <returns> Status object or null. </returns>
        </member>
        <member name="M:StackCombo.ComboHelper.Functions.CustomComboFunctions.TargetHasEffectAny(System.UInt16)">
            <summary> Find if an effect on the target exists. The effect may be owned by anyone or unowned. </summary>
            <param name="effectID"> Status effect ID. </param>
            <returns> A value indicating if the effect exists. </returns>
        </member>
        <member name="M:StackCombo.ComboHelper.Functions.CustomComboFunctions.FindTargetEffectAny(System.UInt16)">
            <summary> Finds an effect on the current target. The effect may be owned by anyone or unowned. </summary>
            <param name="effectID"> Status effect ID. </param>
            <returns> Status object or null. </returns>
        </member>
        <member name="M:StackCombo.ComboHelper.Functions.CustomComboFunctions.FindEffect(System.UInt16,Dalamud.Game.ClientState.Objects.Types.IGameObject,System.Nullable{System.UInt64})">
            <summary> Finds an effect on the given object. </summary>
            <param name="effectID"> Status effect ID. </param>
            <param name="obj"> Object to look for effects on. </param>
            <param name="sourceID"> Source object ID. </param>
            <returns> Status object or null. </returns>
        </member>
        <member name="M:StackCombo.ComboHelper.Functions.CustomComboFunctions.FindEffectOnMember(System.UInt16,Dalamud.Game.ClientState.Objects.Types.IGameObject)">
            <summary> Checks a member object for an effect. The effect may be owned by anyone or unowned. </summary>
             <param name="effectID"> Status effect ID. </param>
             <param name="obj"></param>
             <return> Status object or null. </return>
        </member>
        <member name="M:StackCombo.ComboHelper.Functions.CustomComboFunctions.GetStatusName(System.UInt32)">
            <summary> Returns the name of a status effect from its ID. </summary>
            <param name="id"> ID of the status. </param>
            <returns></returns>
        </member>
        <member name="M:StackCombo.ComboHelper.Functions.CustomComboFunctions.HasSilence">
            <summary> Checks if the character has the Silence status. </summary>
            <returns></returns>
        </member>
        <member name="M:StackCombo.ComboHelper.Functions.CustomComboFunctions.HasPacification">
            <summary> Checks if the character has the Pacification status. </summary>
            <returns></returns>
        </member>
        <member name="M:StackCombo.ComboHelper.Functions.CustomComboFunctions.HasAmnesia">
            <summary> Checks if the character has the Amnesia status. </summary>
            <returns></returns>
        </member>
        <member name="P:StackCombo.ComboHelper.Functions.CustomComboFunctions.CurrentTarget">
            <summary> Gets the current target or null. </summary>
        </member>
        <member name="M:StackCombo.ComboHelper.Functions.CustomComboFunctions.HasTarget">
            <summary> Find if the player has a target. </summary>
            <returns> A value indicating whether the player has a target. </returns>
        </member>
        <member name="M:StackCombo.ComboHelper.Functions.CustomComboFunctions.GetTargetDistance">
            <summary> Gets the distance from the target. </summary>
            <returns> Double representing the distance from the target. </returns>
        </member>
        <member name="M:StackCombo.ComboHelper.Functions.CustomComboFunctions.InMeleeRange">
            <summary> Gets a value indicating whether you are in melee range from the current target. </summary>
            <returns> Bool indicating whether you are in melee range. </returns>
        </member>
        <member name="M:StackCombo.ComboHelper.Functions.CustomComboFunctions.GetTargetHPPercent(Dalamud.Game.ClientState.Objects.Types.IGameObject)">
            <summary> Gets a value indicating target's HP Percent. CurrentTarget is default unless specified </summary>
            <returns> Double indicating percentage. </returns>
        </member>
        <member name="M:StackCombo.ComboHelper.Functions.CustomComboFunctions.GetHealTarget(System.Boolean,System.Boolean)">
            <summary> Grabs healable target. Checks Soft Target then Hard Target. 
            If Party UI Mouseover is enabled, find the target and return that. Else return the player. </summary>
            <param name="checkMOPartyUI">Checks for a mouseover target.</param>
            <param name="restrictToMouseover">Forces only the mouseover target, may return null.</param>
            <returns> IGameObject of a player target. </returns>
        </member>
        <member name="M:StackCombo.ComboHelper.Functions.CustomComboFunctions.CanInterruptEnemy">
            <summary> Determines if the enemy can be interrupted if they are currently casting. </summary>
            <returns> Bool indicating whether they can be interrupted or not. </returns>
        </member>
        <member name="M:StackCombo.ComboHelper.Functions.CustomComboFunctions.SetTarget(Dalamud.Game.ClientState.Objects.Types.IGameObject)">
            <summary> Sets the player's target. </summary>
            <param name="target"> Target must be a game object that the player can normally click and target. </param>
        </member>
        <member name="M:StackCombo.ComboHelper.Functions.CustomComboFunctions.IsInRange(Dalamud.Game.ClientState.Objects.Types.IGameObject)">
            <summary> Checks if target is in appropriate range for targeting </summary>
            <param name="target"> The target object to check </param>
        </member>
        <member name="M:StackCombo.ComboHelper.Functions.CustomComboFunctions.TargetObject(StackCombo.ComboHelper.Functions.CustomComboFunctions.TargetType)">
            <summary> Attempts to target the given party member </summary>
            <param name="target"></param>
        </member>
        <member name="M:StackCombo.ComboHelper.Functions.CustomComboFunctions.AngleToTarget">
            <summary>
            Get angle to target.
            </summary>
            <returns>Angle relative to target</returns>
        </member>
        <member name="M:StackCombo.ComboHelper.Functions.CustomComboFunctions.OnTargetsRear">
            <summary>
            Is player on target's rear.
            </summary>
            <returns>True or false.</returns>
        </member>
        <member name="M:StackCombo.ComboHelper.Functions.CustomComboFunctions.OnTargetsFlank">
            <summary>
            Is player on target's flank.
            </summary>
            <returns>True or false.</returns>
        </member>
        <member name="M:StackCombo.ComboHelper.Functions.CustomComboFunctions.UpdateCombatTimer(System.Object,System.EventArgs)">
            <summary> Called by the timer in the constructor to keep track of combat duration. </summary>
        </member>
        <member name="P:StackCombo.Data.CooldownData.IsCooldown">
            <summary> Gets a value indicating whether the action is on cooldown. </summary>
        </member>
        <member name="F:StackCombo.Data.CooldownData.ActionID">
            <summary> Gets the action ID on cooldown. </summary>
        </member>
        <member name="P:StackCombo.Data.CooldownData.CooldownElapsed">
            <summary> Gets the elapsed cooldown time. </summary>
        </member>
        <member name="P:StackCombo.Data.CooldownData.CooldownTotal">
            <summary> Gets the total cooldown time. </summary>
        </member>
        <member name="P:StackCombo.Data.CooldownData.CooldownRemaining">
            <summary> Gets the cooldown time remaining. </summary>
        </member>
        <member name="P:StackCombo.Data.CooldownData.MaxCharges">
            <summary> Gets the maximum number of charges for an action at the current level. </summary>
            <returns> Number of charges. </returns>
        </member>
        <member name="P:StackCombo.Data.CooldownData.HasCharges">
            <summary> Gets a value indicating whether the action has charges, not charges available. </summary>
        </member>
        <member name="P:StackCombo.Data.CooldownData.RemainingCharges">
            <summary> Gets the remaining number of charges for an action. </summary>
        </member>
        <member name="P:StackCombo.Data.CooldownData.ChargeCooldownRemaining">
            <summary> Gets the cooldown time remaining until the next charge. </summary>
        </member>
        <member name="T:StackCombo.Data.CustomComboCache">
            <summary> Cached conditional combo logic. </summary>
        </member>
        <member name="M:StackCombo.Data.CustomComboCache.#ctor">
            <summary> Initializes a new instance of the <see cref="T:StackCombo.Data.CustomComboCache"/> class. </summary>
        </member>
        <member name="M:StackCombo.Data.CustomComboCache.Dispose">
            <inheritdoc/>
        </member>
        <member name="M:StackCombo.Data.CustomComboCache.GetJobGauge``1">
            <summary> Gets a job gauge. </summary>
            <typeparam name="T"> Type of job gauge. </typeparam>
            <returns> The job gauge. </returns>
        </member>
        <member name="M:StackCombo.Data.CustomComboCache.GetStatus(System.UInt32,Dalamud.Game.ClientState.Objects.Types.IGameObject,System.Nullable{System.UInt64})">
            <summary> Finds a status on the given object. </summary>
            <param name="statusID"> Status effect ID. </param>
            <param name="obj"> Object to look for effects on. </param>
            <param name="sourceID"> Source object ID. </param>
            <returns> Status object or null. </returns>
        </member>
        <member name="M:StackCombo.Data.CustomComboCache.GetCooldown(System.UInt32)">
            <summary> Gets the cooldown data for an action. </summary>
            <param name="actionID"> Action ID to check. </param>
            <returns> Cooldown data. </returns>
        </member>
        <member name="M:StackCombo.Data.CustomComboCache.GetMaxCharges(System.UInt32)">
            <summary> Get the maximum number of charges for an action. </summary>
            <param name="actionID"> Action ID to check. </param>
            <returns> Max number of charges at current level. </returns>
        </member>
        <member name="M:StackCombo.Data.CustomComboCache.GetResourceCost(System.UInt32)">
            <summary> Get the resource cost of an action. </summary>
            <param name="actionID"> Action ID to check. </param>
            <returns> Returns the resource cost of an action. </returns>
        </member>
        <member name="M:StackCombo.Data.CustomComboCache.Framework_Update(Dalamud.Plugin.Services.IFramework)">
            <summary> Triggers when the game framework updates. Clears cooldown and status caches. </summary>
        </member>
        <member name="M:StackCombo.Extensions.PresetExtensions.GetReplaceAttribute(StackCombo.Combos.CustomComboPreset)">
            <summary> Retrieves the <see cref="T:StackCombo.Attributes.ReplaceSkillAttribute"/> for the preset if it exists.</summary>
        </member>
        <member name="M:StackCombo.Extensions.PresetExtensions.GetComboAttribute(StackCombo.Combos.CustomComboPreset)">
            <summary> Retrieves the <see cref="T:StackCombo.Attributes.CustomComboInfoAttribute"/> for the preset if it exists.</summary>
        </member>
        <member name="M:StackCombo.Extensions.PresetExtensions.GetHoverAttribute(StackCombo.Combos.CustomComboPreset)">
            <summary> Retrieves the <see cref="T:StackCombo.Attributes.HoverInfoAttribute"/> for the preset if it exists.</summary>
        </member>
        <member name="T:StackCombo.Services.Service">
            <summary> Dalamud and plugin services. </summary>
        </member>
        <member name="P:StackCombo.Services.Service.Address">
            <summary> Gets or sets the plugin address resolver. </summary>
        </member>
        <member name="P:StackCombo.Services.Service.BuddyList">
            <summary> Gets the Dalamud buddy list. </summary>
        </member>
        <member name="P:StackCombo.Services.Service.ChatGui">
            <summary> Gets the Dalamud chat gui. </summary>
        </member>
        <member name="P:StackCombo.Services.Service.ClientState">
            <summary> Gets the Dalamud client state. </summary>
        </member>
        <member name="P:StackCombo.Services.Service.ComboCache">
            <summary> Gets or sets the plugin caching mechanism. </summary>
        </member>
        <member name="P:StackCombo.Services.Service.CommandManager">
            <summary> Gets the Dalamud command manager. </summary>
        </member>
        <member name="P:StackCombo.Services.Service.Condition">
            <summary> Gets the Dalamud condition. </summary>
        </member>
        <member name="P:StackCombo.Services.Service.Configuration">
            <summary> Gets or sets the plugin configuration. </summary>
        </member>
        <member name="P:StackCombo.Services.Service.DataManager">
            <summary> Gets the Dalamud data manager. </summary>
        </member>
        <member name="P:StackCombo.Services.Service.Framework">
            <summary> Gets the Dalamud framework manager. </summary>
        </member>
        <member name="P:StackCombo.Services.Service.GameGui">
            <summary> Handles the in-game UI. </summary>
        </member>
        <member name="P:StackCombo.Services.Service.IconReplacer">
            <summary> Gets or sets the plugin icon replacer. </summary>
        </member>
        <member name="P:StackCombo.Services.Service.Interface">
            <summary> Gets the Dalamud plugin interface. </summary>
        </member>
        <member name="P:StackCombo.Services.Service.JobGauges">
            <summary> Gets the Dalamud job gauges. </summary>
        </member>
        <member name="P:StackCombo.Services.Service.ObjectTable">
            <summary> Gets the Dalamud object table. </summary>
        </member>
        <member name="P:StackCombo.Services.Service.PluginFolder">
            <summary> Returns the Plugin Folder location </summary>
        </member>
        <member name="P:StackCombo.Services.Service.PartyList">
            <summary> Gets the Dalamud party list. </summary>
        </member>
        <member name="P:StackCombo.Services.Service.SigScanner">
            <summary> Facilitates searching for memory signatures. </summary>
        </member>
        <member name="P:StackCombo.Services.Service.TargetManager">
            <summary> Gets the Dalamud target manager. </summary>
        </member>
        <member name="T:StackCombo.Window.ConfigWindow">
            <summary> Plugin configuration window. </summary>
        </member>
    </members>
</doc>
