{
  "Author": "Stack",
  "Name": "StackCombo",
  "InternalName": "StackCombo",
  "AssemblyVersion": "1.0.0.0",
  "Description": "A cleaner, more refined, combo plugin for FFXIV!",
  "ApplicableVersion": "any",
  "RepoUrl": "https://github.com/StackBLU/StackCombo",
  "Tags": [
    "stack",
    "combo",
    "stackcombo"
  ],
  "DalamudApiLevel": 10,
  "LoadRequiredState": 0,
  "LoadSync": false,
  "CanUnloadAsync": false,
  "LoadPriority": 0,
  "IconUrl": "https://github.com/StackBLU/StackCombo/blob/main/images/stack.png?raw=true",
  "Punchline": "Trust me, you want this",
  "AcceptsFeedback": true
}